0,1.0,1024,0,1000,0,matmul
1,1.0,1024,0,1000,0,rnn_name_generation
2,1.0,1024,0,1000,0,lr_prediction
3,1.0,1024,0,1000,0,matmul
4,1.0,1024,0,1000,0,lr_train
5,1.0,1024,0,1000,3,matmul
6,1.0,1024,0,1000,3,lr_train
7,1.0,1024,0,1000,3,chameleon_rendering
8,1.0,1024,0,1000,3,pyaes_generation
9,1.0,1024,0,1000,3,lr_prediction
10,1.0,1024,0,1000,3,rnn_name_generation
11,1.0,1024,0,1000,3,lr_train
12,1.0,1024,0,1000,5,matmul
13,1.0,1024,0,1000,5,lr_train
14,1.0,1024,0,1000,6,matmul
15,1.0,1024,0,1000,6,float_operation
16,1.0,1024,0,1000,6,lr_train
17,1.0,1024,0,1000,7,linpack
18,1.0,1024,0,1000,9,pyaes_generation
19,1.0,1024,0,1000,9,float_operation
20,1.0,1024,0,1000,9,linpack
21,1.0,1024,0,1000,10,linpack
22,1.0,1024,0,1000,10,chameleon_rendering
23,1.0,1024,0,1000,10,chameleon_rendering
24,1.0,1024,0,1000,11,chameleon_rendering
25,1.0,1024,0,1000,11,chameleon_rendering
26,1.0,1024,0,1000,11,lr_train
27,1.0,1024,0,1000,11,pyaes_generation
28,1.0,1024,0,1000,14,chameleon_rendering
29,1.0,1024,0,1000,14,linpack
30,1.0,1024,0,1000,14,float_operation
31,1.0,1024,0,1000,15,pyaes_generation
32,1.0,1024,0,1000,16,pyaes_generation
33,1.0,1024,0,1000,16,rnn_name_generation
34,1.0,1024,0,1000,16,chameleon_rendering
35,1.0,1024,0,1000,16,float_operation
36,1.0,1024,0,1000,17,lr_train
37,1.0,1024,0,1000,17,lr_prediction
38,1.0,1024,0,1000,17,linpack
39,1.0,1024,0,1000,20,chameleon_rendering
40,1.0,1024,0,1000,21,linpack
41,1.0,1024,0,1000,21,chameleon_rendering
42,1.0,1024,0,1000,21,lr_train
43,1.0,1024,0,1000,21,float_operation
44,1.0,1024,0,1000,24,matmul
45,1.0,1024,0,1000,28,float_operation
46,1.0,1024,0,1000,30,rnn_name_generation
47,1.0,1024,0,1000,30,float_operation
48,1.0,1024,0,1000,31,pyaes_generation
49,1.0,1024,0,1000,32,lr_prediction
50,1.0,1024,0,1000,32,linpack
51,1.0,1024,0,1000,32,chameleon_rendering
52,1.0,1024,0,1000,32,lr_train
53,1.0,1024,0,1000,32,linpack
54,1.0,1024,0,1000,32,linpack
55,1.0,1024,0,1000,33,lr_prediction
56,1.0,1024,0,1000,34,lr_train
57,1.0,1024,0,1000,34,chameleon_rendering
58,1.0,1024,0,1000,34,chameleon_rendering
59,1.0,1024,0,1000,34,chameleon_rendering
60,1.0,1024,0,1000,34,rnn_name_generation
61,1.0,1024,0,1000,34,lr_train
62,1.0,1024,0,1000,34,lr_train
63,1.0,1024,0,1000,34,lr_prediction
64,1.0,1024,0,1000,34,chameleon_rendering
65,1.0,1024,0,1000,34,lr_train
66,1.0,1024,0,1000,35,rnn_name_generation
67,1.0,1024,0,1000,35,linpack
68,1.0,1024,0,1000,36,matmul
69,1.0,1024,0,1000,36,matmul
70,1.0,1024,0,1000,36,rnn_name_generation
71,1.0,1024,0,1000,36,lr_train
72,1.0,1024,0,1000,38,rnn_name_generation
73,1.0,1024,0,1000,38,pyaes_generation
74,1.0,1024,0,1000,39,chameleon_rendering
75,1.0,1024,0,1000,39,pyaes_generation
76,1.0,1024,0,1000,44,lr_train
77,1.0,1024,0,1000,44,float_operation
78,1.0,1024,0,1000,44,rnn_name_generation
79,1.0,1024,0,1000,45,matmul
80,1.0,1024,0,1000,45,lr_train
81,1.0,1024,0,1000,46,rnn_name_generation
82,1.0,1024,0,1000,48,lr_train
83,1.0,1024,0,1000,49,matmul
84,1.0,1024,0,1000,49,lr_prediction
85,1.0,1024,0,1000,49,matmul
86,1.0,1024,0,1000,49,lr_train
87,1.0,1024,0,1000,50,float_operation
88,1.0,1024,0,1000,50,linpack
89,1.0,1024,0,1000,50,float_operation
90,1.0,1024,0,1000,51,pyaes_generation
91,1.0,1024,0,1000,51,linpack
92,1.0,1024,0,1000,51,pyaes_generation
93,1.0,1024,0,1000,52,linpack
94,1.0,1024,0,1000,52,pyaes_generation
95,1.0,1024,0,1000,52,matmul
96,1.0,1024,0,1000,52,pyaes_generation
97,1.0,1024,0,1000,55,linpack
98,1.0,1024,0,1000,55,pyaes_generation
99,1.0,1024,0,1000,56,matmul
100,1.0,1024,0,1000,57,lr_prediction
101,1.0,1024,0,1000,58,lr_train
102,1.0,1024,0,1000,59,rnn_name_generation
103,1.0,1024,0,1000,61,chameleon_rendering
104,1.0,1024,0,1000,61,matmul
105,1.0,1024,0,1000,62,matmul
106,1.0,1024,0,1000,62,pyaes_generation
107,1.0,1024,0,1000,62,pyaes_generation
108,1.0,1024,0,1000,66,lr_prediction
109,1.0,1024,0,1000,67,rnn_name_generation
110,1.0,1024,0,1000,67,pyaes_generation
111,1.0,1024,0,1000,68,linpack
112,1.0,1024,0,1000,68,chameleon_rendering
113,1.0,1024,0,1000,69,linpack
114,1.0,1024,0,1000,69,float_operation
115,1.0,1024,0,1000,69,pyaes_generation
116,1.0,1024,0,1000,71,linpack
117,1.0,1024,0,1000,73,lr_train
118,1.0,1024,0,1000,73,matmul
119,1.0,1024,0,1000,73,linpack
120,1.0,1024,0,1000,73,pyaes_generation
121,1.0,1024,0,1000,73,matmul
122,1.0,1024,0,1000,73,rnn_name_generation
123,1.0,1024,0,1000,73,float_operation
124,1.0,1024,0,1000,73,linpack
125,1.0,1024,0,1000,73,rnn_name_generation
126,1.0,1024,0,1000,73,pyaes_generation
127,1.0,1024,0,1000,74,float_operation
128,1.0,1024,0,1000,74,lr_train
129,1.0,1024,0,1000,74,linpack
130,1.0,1024,0,1000,74,rnn_name_generation
131,1.0,1024,0,1000,74,chameleon_rendering
132,1.0,1024,0,1000,75,linpack
133,1.0,1024,0,1000,75,matmul
134,1.0,1024,0,1000,76,lr_train
135,1.0,1024,0,1000,77,pyaes_generation
136,1.0,1024,0,1000,78,lr_prediction
137,1.0,1024,0,1000,78,pyaes_generation
138,1.0,1024,0,1000,82,float_operation
139,1.0,1024,0,1000,82,chameleon_rendering
140,1.0,1024,0,1000,82,float_operation
141,1.0,1024,0,1000,84,rnn_name_generation
142,1.0,1024,0,1000,85,chameleon_rendering
143,1.0,1024,0,1000,85,linpack
144,1.0,1024,0,1000,85,matmul
145,1.0,1024,0,1000,85,float_operation
146,1.0,1024,0,1000,85,pyaes_generation
147,1.0,1024,0,1000,87,rnn_name_generation
148,1.0,1024,0,1000,87,linpack
149,1.0,1024,0,1000,88,linpack
150,1.0,1024,0,1000,88,linpack
151,1.0,1024,0,1000,88,matmul
152,1.0,1024,0,1000,88,pyaes_generation
153,1.0,1024,0,1000,88,pyaes_generation
154,1.0,1024,0,1000,88,pyaes_generation
155,1.0,1024,0,1000,89,float_operation
156,1.0,1024,0,1000,89,chameleon_rendering
157,1.0,1024,0,1000,89,chameleon_rendering
158,1.0,1024,0,1000,89,lr_prediction
159,1.0,1024,0,1000,89,linpack
160,1.0,1024,0,1000,89,chameleon_rendering
161,1.0,1024,0,1000,89,float_operation
162,1.0,1024,0,1000,89,float_operation
163,1.0,1024,0,1000,89,linpack
164,1.0,1024,0,1000,89,pyaes_generation
165,1.0,1024,0,1000,91,float_operation
166,1.0,1024,0,1000,91,chameleon_rendering
167,1.0,1024,0,1000,92,lr_train
168,1.0,1024,0,1000,92,linpack
169,1.0,1024,0,1000,92,chameleon_rendering
170,1.0,1024,0,1000,92,rnn_name_generation
171,1.0,1024,0,1000,92,matmul
172,1.0,1024,0,1000,92,lr_prediction
173,1.0,1024,0,1000,96,linpack
174,1.0,1024,0,1000,96,lr_train
175,1.0,1024,0,1000,96,chameleon_rendering
176,1.0,1024,0,1000,96,rnn_name_generation
177,1.0,1024,0,1000,97,pyaes_generation
178,1.0,1024,0,1000,97,chameleon_rendering
179,1.0,1024,0,1000,99,lr_prediction
180,1.0,1024,0,1000,100,lr_prediction
181,1.0,1024,0,1000,100,lr_prediction
182,1.0,1024,0,1000,103,matmul
183,1.0,1024,0,1000,103,lr_prediction
184,1.0,1024,0,1000,103,matmul
185,1.0,1024,0,1000,104,lr_train
186,1.0,1024,0,1000,104,rnn_name_generation
187,1.0,1024,0,1000,104,lr_prediction
188,1.0,1024,0,1000,104,float_operation
189,1.0,1024,0,1000,104,chameleon_rendering
190,1.0,1024,0,1000,104,linpack
191,1.0,1024,0,1000,104,lr_prediction
192,1.0,1024,0,1000,104,float_operation
193,1.0,1024,0,1000,104,linpack
194,1.0,1024,0,1000,104,lr_prediction
195,1.0,1024,0,1000,104,linpack
196,1.0,1024,0,1000,105,lr_prediction
197,1.0,1024,0,1000,106,pyaes_generation
198,1.0,1024,0,1000,106,rnn_name_generation
199,1.0,1024,0,1000,106,float_operation
200,1.0,1024,0,1000,106,float_operation
201,1.0,1024,0,1000,108,chameleon_rendering
202,1.0,1024,0,1000,114,float_operation
203,1.0,1024,0,1000,114,chameleon_rendering
204,1.0,1024,0,1000,114,rnn_name_generation
205,1.0,1024,0,1000,114,linpack
206,1.0,1024,0,1000,114,linpack
207,1.0,1024,0,1000,114,pyaes_generation
208,1.0,1024,0,1000,115,pyaes_generation
209,1.0,1024,0,1000,115,float_operation
210,1.0,1024,0,1000,115,lr_train
211,1.0,1024,0,1000,115,float_operation
212,1.0,1024,0,1000,115,lr_train
213,1.0,1024,0,1000,115,chameleon_rendering
214,1.0,1024,0,1000,116,lr_prediction
215,1.0,1024,0,1000,116,pyaes_generation
216,1.0,1024,0,1000,117,pyaes_generation
217,1.0,1024,0,1000,117,lr_train
218,1.0,1024,0,1000,117,lr_train
219,1.0,1024,0,1000,117,chameleon_rendering
220,1.0,1024,0,1000,117,lr_train
221,1.0,1024,0,1000,117,float_operation
222,1.0,1024,0,1000,117,pyaes_generation
223,1.0,1024,0,1000,118,float_operation
224,1.0,1024,0,1000,118,matmul
225,1.0,1024,0,1000,118,pyaes_generation
226,1.0,1024,0,1000,119,chameleon_rendering
227,1.0,1024,0,1000,119,lr_train
228,1.0,1024,0,1000,119,float_operation
229,1.0,1024,0,1000,121,rnn_name_generation
230,1.0,1024,0,1000,121,pyaes_generation
231,1.0,1024,0,1000,121,matmul
232,1.0,1024,0,1000,122,float_operation
233,1.0,1024,0,1000,122,rnn_name_generation
234,1.0,1024,0,1000,122,linpack
235,1.0,1024,0,1000,124,float_operation
236,1.0,1024,0,1000,124,lr_prediction
237,1.0,1024,0,1000,124,lr_prediction
238,1.0,1024,0,1000,124,pyaes_generation
239,1.0,1024,0,1000,124,chameleon_rendering
240,1.0,1024,0,1000,124,pyaes_generation
241,1.0,1024,0,1000,126,pyaes_generation
242,1.0,1024,0,1000,126,chameleon_rendering
243,1.0,1024,0,1000,127,pyaes_generation
244,1.0,1024,0,1000,127,float_operation
245,1.0,1024,0,1000,127,linpack
246,1.0,1024,0,1000,128,lr_train
247,1.0,1024,0,1000,129,float_operation
248,1.0,1024,0,1000,133,float_operation
249,1.0,1024,0,1000,133,float_operation
250,1.0,1024,0,1000,133,pyaes_generation
251,1.0,1024,0,1000,133,linpack
252,1.0,1024,0,1000,134,rnn_name_generation
253,1.0,1024,0,1000,135,rnn_name_generation
254,1.0,1024,0,1000,136,lr_train
255,1.0,1024,0,1000,137,pyaes_generation
256,1.0,1024,0,1000,137,pyaes_generation
257,1.0,1024,0,1000,137,chameleon_rendering
258,1.0,1024,0,1000,138,pyaes_generation
259,1.0,1024,0,1000,138,matmul
260,1.0,1024,0,1000,138,lr_train
261,1.0,1024,0,1000,138,linpack
262,1.0,1024,0,1000,139,matmul
263,1.0,1024,0,1000,139,matmul
264,1.0,1024,0,1000,139,lr_train
265,1.0,1024,0,1000,139,chameleon_rendering
266,1.0,1024,0,1000,139,lr_train
267,1.0,1024,0,1000,139,lr_train
268,1.0,1024,0,1000,139,matmul
269,1.0,1024,0,1000,139,rnn_name_generation
270,1.0,1024,0,1000,140,lr_train
271,1.0,1024,0,1000,140,pyaes_generation
272,1.0,1024,0,1000,140,pyaes_generation
273,1.0,1024,0,1000,143,rnn_name_generation
274,1.0,1024,0,1000,143,pyaes_generation
275,1.0,1024,0,1000,144,matmul
276,1.0,1024,0,1000,144,float_operation
277,1.0,1024,0,1000,144,linpack
278,1.0,1024,0,1000,144,linpack
279,1.0,1024,0,1000,144,float_operation
280,1.0,1024,0,1000,145,chameleon_rendering
281,1.0,1024,0,1000,146,chameleon_rendering
282,1.0,1024,0,1000,146,float_operation
283,1.0,1024,0,1000,146,lr_prediction
284,1.0,1024,0,1000,146,rnn_name_generation
285,1.0,1024,0,1000,146,linpack
286,1.0,1024,0,1000,147,lr_prediction
287,1.0,1024,0,1000,150,float_operation
288,1.0,1024,0,1000,151,chameleon_rendering
289,1.0,1024,0,1000,153,rnn_name_generation
290,1.0,1024,0,1000,154,chameleon_rendering
291,1.0,1024,0,1000,154,lr_prediction
292,1.0,1024,0,1000,154,lr_train
293,1.0,1024,0,1000,154,matmul
294,1.0,1024,0,1000,154,matmul
295,1.0,1024,0,1000,154,matmul
296,1.0,1024,0,1000,154,chameleon_rendering
297,1.0,1024,0,1000,154,linpack
298,1.0,1024,0,1000,154,float_operation
299,1.0,1024,0,1000,155,lr_prediction
300,1.0,1024,0,1000,157,linpack
301,1.0,1024,0,1000,158,linpack
302,1.0,1024,0,1000,158,matmul
303,1.0,1024,0,1000,158,linpack
304,1.0,1024,0,1000,158,rnn_name_generation
305,1.0,1024,0,1000,159,float_operation
306,1.0,1024,0,1000,159,linpack
307,1.0,1024,0,1000,159,pyaes_generation
308,1.0,1024,0,1000,160,rnn_name_generation
309,1.0,1024,0,1000,160,pyaes_generation
310,1.0,1024,0,1000,160,lr_train
311,1.0,1024,0,1000,160,linpack
312,1.0,1024,0,1000,160,lr_prediction
313,1.0,1024,0,1000,160,float_operation
314,1.0,1024,0,1000,161,linpack
315,1.0,1024,0,1000,161,lr_train
316,1.0,1024,0,1000,161,lr_prediction
317,1.0,1024,0,1000,162,chameleon_rendering
318,1.0,1024,0,1000,162,float_operation
319,1.0,1024,0,1000,162,rnn_name_generation
320,1.0,1024,0,1000,163,lr_prediction
321,1.0,1024,0,1000,163,float_operation
322,1.0,1024,0,1000,163,chameleon_rendering
323,1.0,1024,0,1000,163,lr_train
324,1.0,1024,0,1000,163,linpack
325,1.0,1024,0,1000,163,chameleon_rendering
326,1.0,1024,0,1000,163,float_operation
327,1.0,1024,0,1000,164,rnn_name_generation
328,1.0,1024,0,1000,164,chameleon_rendering
329,1.0,1024,0,1000,169,rnn_name_generation
330,1.0,1024,0,1000,169,pyaes_generation
331,1.0,1024,0,1000,169,pyaes_generation
332,1.0,1024,0,1000,170,float_operation
333,1.0,1024,0,1000,171,float_operation
334,1.0,1024,0,1000,171,rnn_name_generation
335,1.0,1024,0,1000,172,chameleon_rendering
336,1.0,1024,0,1000,172,lr_train
337,1.0,1024,0,1000,172,lr_prediction
338,1.0,1024,0,1000,173,linpack
339,1.0,1024,0,1000,173,rnn_name_generation
340,1.0,1024,0,1000,174,float_operation
341,1.0,1024,0,1000,174,pyaes_generation
342,1.0,1024,0,1000,175,rnn_name_generation
343,1.0,1024,0,1000,175,linpack
344,1.0,1024,0,1000,175,lr_prediction
345,1.0,1024,0,1000,176,chameleon_rendering
346,1.0,1024,0,1000,176,lr_train
347,1.0,1024,0,1000,176,float_operation
348,1.0,1024,0,1000,179,matmul
349,1.0,1024,0,1000,181,lr_train
350,1.0,1024,0,1000,181,chameleon_rendering
351,1.0,1024,0,1000,181,chameleon_rendering
352,1.0,1024,0,1000,181,matmul
353,1.0,1024,0,1000,181,linpack
354,1.0,1024,0,1000,181,chameleon_rendering
355,1.0,1024,0,1000,182,lr_prediction
356,1.0,1024,0,1000,183,chameleon_rendering
357,1.0,1024,0,1000,187,chameleon_rendering
358,1.0,1024,0,1000,187,pyaes_generation
359,1.0,1024,0,1000,187,lr_prediction
360,1.0,1024,0,1000,187,pyaes_generation
361,1.0,1024,0,1000,187,rnn_name_generation
362,1.0,1024,0,1000,187,lr_train
363,1.0,1024,0,1000,187,matmul
364,1.0,1024,0,1000,187,lr_train
365,1.0,1024,0,1000,187,linpack
366,1.0,1024,0,1000,187,rnn_name_generation
367,1.0,1024,0,1000,187,float_operation
368,1.0,1024,0,1000,187,chameleon_rendering
369,1.0,1024,0,1000,187,rnn_name_generation
370,1.0,1024,0,1000,187,rnn_name_generation
371,1.0,1024,0,1000,187,linpack
372,1.0,1024,0,1000,187,lr_train
373,1.0,1024,0,1000,187,lr_train
374,1.0,1024,0,1000,187,pyaes_generation
375,1.0,1024,0,1000,189,lr_prediction
376,1.0,1024,0,1000,195,lr_train
377,1.0,1024,0,1000,195,lr_prediction
378,1.0,1024,0,1000,195,float_operation
379,1.0,1024,0,1000,197,rnn_name_generation
380,1.0,1024,0,1000,198,linpack
381,1.0,1024,0,1000,200,matmul
382,1.0,1024,0,1000,200,float_operation
383,1.0,1024,0,1000,200,matmul
384,1.0,1024,0,1000,200,lr_train
385,1.0,1024,0,1000,200,linpack
386,1.0,1024,0,1000,200,pyaes_generation
387,1.0,1024,0,1000,200,matmul
388,1.0,1024,0,1000,201,lr_prediction
389,1.0,1024,0,1000,202,lr_train
390,1.0,1024,0,1000,202,lr_train
391,1.0,1024,0,1000,203,linpack
392,1.0,1024,0,1000,203,float_operation
393,1.0,1024,0,1000,204,chameleon_rendering
394,1.0,1024,0,1000,204,rnn_name_generation
395,1.0,1024,0,1000,204,lr_prediction
396,1.0,1024,0,1000,204,rnn_name_generation
397,1.0,1024,0,1000,204,float_operation
398,1.0,1024,0,1000,204,pyaes_generation
399,1.0,1024,0,1000,204,chameleon_rendering
400,1.0,1024,0,1000,204,lr_prediction
401,1.0,1024,0,1000,205,linpack
402,1.0,1024,0,1000,206,rnn_name_generation
403,1.0,1024,0,1000,206,lr_train
404,1.0,1024,0,1000,207,lr_prediction
405,1.0,1024,0,1000,207,pyaes_generation
406,1.0,1024,0,1000,208,linpack
407,1.0,1024,0,1000,208,chameleon_rendering
408,1.0,1024,0,1000,209,lr_train
409,1.0,1024,0,1000,211,matmul
410,1.0,1024,0,1000,213,chameleon_rendering
411,1.0,1024,0,1000,214,linpack
412,1.0,1024,0,1000,214,chameleon_rendering
413,1.0,1024,0,1000,214,lr_train
414,1.0,1024,0,1000,215,lr_train
415,1.0,1024,0,1000,216,lr_prediction
416,1.0,1024,0,1000,219,float_operation
417,1.0,1024,0,1000,220,linpack
418,1.0,1024,0,1000,220,lr_prediction
419,1.0,1024,0,1000,220,lr_prediction
420,1.0,1024,0,1000,220,chameleon_rendering
421,1.0,1024,0,1000,222,lr_train
422,1.0,1024,0,1000,222,rnn_name_generation
423,1.0,1024,0,1000,225,lr_prediction
424,1.0,1024,0,1000,227,linpack
425,1.0,1024,0,1000,227,lr_prediction
426,1.0,1024,0,1000,227,lr_train
427,1.0,1024,0,1000,227,chameleon_rendering
428,1.0,1024,0,1000,227,linpack
429,1.0,1024,0,1000,227,float_operation
430,1.0,1024,0,1000,227,chameleon_rendering
431,1.0,1024,0,1000,228,lr_prediction
432,1.0,1024,0,1000,228,lr_train
433,1.0,1024,0,1000,228,float_operation
434,1.0,1024,0,1000,229,chameleon_rendering
435,1.0,1024,0,1000,230,lr_prediction
436,1.0,1024,0,1000,230,matmul
437,1.0,1024,0,1000,232,lr_train
438,1.0,1024,0,1000,232,chameleon_rendering
439,1.0,1024,0,1000,233,pyaes_generation
440,1.0,1024,0,1000,234,lr_prediction
441,1.0,1024,0,1000,234,chameleon_rendering
442,1.0,1024,0,1000,234,chameleon_rendering
443,1.0,1024,0,1000,236,lr_prediction
444,1.0,1024,0,1000,237,matmul
445,1.0,1024,0,1000,237,pyaes_generation
446,1.0,1024,0,1000,237,lr_prediction
447,1.0,1024,0,1000,237,lr_train
448,1.0,1024,0,1000,237,float_operation
449,1.0,1024,0,1000,237,pyaes_generation
450,1.0,1024,0,1000,239,linpack
451,1.0,1024,0,1000,240,lr_train
452,1.0,1024,0,1000,240,float_operation
453,1.0,1024,0,1000,240,linpack
454,1.0,1024,0,1000,241,matmul
455,1.0,1024,0,1000,241,matmul
456,1.0,1024,0,1000,241,lr_train
457,1.0,1024,0,1000,241,rnn_name_generation
458,1.0,1024,0,1000,241,lr_prediction
459,1.0,1024,0,1000,241,rnn_name_generation
460,1.0,1024,0,1000,241,float_operation
461,1.0,1024,0,1000,241,pyaes_generation
462,1.0,1024,0,1000,241,rnn_name_generation
463,1.0,1024,0,1000,241,float_operation
464,1.0,1024,0,1000,241,float_operation
465,1.0,1024,0,1000,241,rnn_name_generation
466,1.0,1024,0,1000,241,rnn_name_generation
467,1.0,1024,0,1000,241,lr_train
468,1.0,1024,0,1000,243,chameleon_rendering
469,1.0,1024,0,1000,244,matmul
470,1.0,1024,0,1000,246,pyaes_generation
471,1.0,1024,0,1000,246,linpack
472,1.0,1024,0,1000,246,float_operation
473,1.0,1024,0,1000,247,chameleon_rendering
474,1.0,1024,0,1000,247,rnn_name_generation
475,1.0,1024,0,1000,247,pyaes_generation
476,1.0,1024,0,1000,248,chameleon_rendering
477,1.0,1024,0,1000,248,linpack
478,1.0,1024,0,1000,248,lr_prediction
479,1.0,1024,0,1000,248,chameleon_rendering
480,1.0,1024,0,1000,248,matmul
481,1.0,1024,0,1000,248,pyaes_generation
482,1.0,1024,0,1000,248,lr_train
483,1.0,1024,0,1000,250,rnn_name_generation
484,1.0,1024,0,1000,250,float_operation
485,1.0,1024,0,1000,251,rnn_name_generation
486,1.0,1024,0,1000,251,rnn_name_generation
487,1.0,1024,0,1000,251,float_operation
488,1.0,1024,0,1000,251,pyaes_generation
489,1.0,1024,0,1000,251,chameleon_rendering
490,1.0,1024,0,1000,251,linpack
491,1.0,1024,0,1000,252,chameleon_rendering
492,1.0,1024,0,1000,252,linpack
493,1.0,1024,0,1000,252,linpack
494,1.0,1024,0,1000,252,lr_prediction
495,1.0,1024,0,1000,252,float_operation
496,1.0,1024,0,1000,253,chameleon_rendering
497,1.0,1024,0,1000,253,float_operation
498,1.0,1024,0,1000,253,linpack
499,1.0,1024,0,1000,253,lr_prediction
500,1.0,1024,0,1000,254,float_operation
501,1.0,1024,0,1000,255,rnn_name_generation
502,1.0,1024,0,1000,255,matmul
503,1.0,1024,0,1000,255,linpack
504,1.0,1024,0,1000,255,linpack
505,1.0,1024,0,1000,255,chameleon_rendering
506,1.0,1024,0,1000,255,float_operation
507,1.0,1024,0,1000,256,rnn_name_generation
508,1.0,1024,0,1000,257,lr_train
509,1.0,1024,0,1000,257,chameleon_rendering
510,1.0,1024,0,1000,257,matmul
511,1.0,1024,0,1000,257,rnn_name_generation
512,1.0,1024,0,1000,257,rnn_name_generation
513,1.0,1024,0,1000,257,pyaes_generation
514,1.0,1024,0,1000,261,lr_prediction
515,1.0,1024,0,1000,261,chameleon_rendering
516,1.0,1024,0,1000,262,linpack
517,1.0,1024,0,1000,262,chameleon_rendering
518,1.0,1024,0,1000,262,float_operation
519,1.0,1024,0,1000,263,rnn_name_generation
520,1.0,1024,0,1000,264,float_operation
521,1.0,1024,0,1000,264,matmul
522,1.0,1024,0,1000,264,matmul
523,1.0,1024,0,1000,264,matmul
524,1.0,1024,0,1000,264,lr_prediction
525,1.0,1024,0,1000,265,float_operation
526,1.0,1024,0,1000,265,matmul
527,1.0,1024,0,1000,265,float_operation
528,1.0,1024,0,1000,265,matmul
529,1.0,1024,0,1000,267,lr_prediction
530,1.0,1024,0,1000,267,linpack
531,1.0,1024,0,1000,267,chameleon_rendering
532,1.0,1024,0,1000,267,rnn_name_generation
533,1.0,1024,0,1000,267,pyaes_generation
534,1.0,1024,0,1000,268,linpack
535,1.0,1024,0,1000,268,lr_train
536,1.0,1024,0,1000,268,rnn_name_generation
537,1.0,1024,0,1000,268,chameleon_rendering
538,1.0,1024,0,1000,268,lr_prediction
539,1.0,1024,0,1000,268,float_operation
540,1.0,1024,0,1000,268,matmul
541,1.0,1024,0,1000,268,chameleon_rendering
542,1.0,1024,0,1000,268,float_operation
543,1.0,1024,0,1000,269,lr_prediction
544,1.0,1024,0,1000,270,chameleon_rendering
545,1.0,1024,0,1000,270,pyaes_generation
546,1.0,1024,0,1000,271,pyaes_generation
547,1.0,1024,0,1000,271,rnn_name_generation
548,1.0,1024,0,1000,272,matmul
549,1.0,1024,0,1000,272,lr_train
550,1.0,1024,0,1000,273,float_operation
551,1.0,1024,0,1000,273,rnn_name_generation
552,1.0,1024,0,1000,273,rnn_name_generation
553,1.0,1024,0,1000,274,rnn_name_generation
554,1.0,1024,0,1000,274,lr_train
555,1.0,1024,0,1000,274,lr_prediction
556,1.0,1024,0,1000,278,chameleon_rendering
557,1.0,1024,0,1000,278,pyaes_generation
558,1.0,1024,0,1000,278,chameleon_rendering
559,1.0,1024,0,1000,278,matmul
560,1.0,1024,0,1000,278,rnn_name_generation
561,1.0,1024,0,1000,278,pyaes_generation
562,1.0,1024,0,1000,279,rnn_name_generation
563,1.0,1024,0,1000,280,pyaes_generation
564,1.0,1024,0,1000,282,lr_prediction
565,1.0,1024,0,1000,282,lr_prediction
566,1.0,1024,0,1000,284,rnn_name_generation
567,1.0,1024,0,1000,285,matmul
568,1.0,1024,0,1000,285,chameleon_rendering
569,1.0,1024,0,1000,285,lr_prediction
570,1.0,1024,0,1000,286,lr_train
571,1.0,1024,0,1000,286,rnn_name_generation
572,1.0,1024,0,1000,287,linpack
573,1.0,1024,0,1000,287,matmul
574,1.0,1024,0,1000,288,chameleon_rendering
575,1.0,1024,0,1000,288,matmul
576,1.0,1024,0,1000,290,matmul
577,1.0,1024,0,1000,290,linpack
578,1.0,1024,0,1000,290,chameleon_rendering
579,1.0,1024,0,1000,291,chameleon_rendering
580,1.0,1024,0,1000,292,lr_train
581,1.0,1024,0,1000,293,rnn_name_generation
582,1.0,1024,0,1000,293,rnn_name_generation
583,1.0,1024,0,1000,294,rnn_name_generation
584,1.0,1024,0,1000,295,linpack
585,1.0,1024,0,1000,295,chameleon_rendering
586,1.0,1024,0,1000,296,matmul
587,1.0,1024,0,1000,296,pyaes_generation
588,1.0,1024,0,1000,296,matmul
589,1.0,1024,0,1000,297,chameleon_rendering
590,1.0,1024,0,1000,298,linpack
591,1.0,1024,0,1000,298,lr_prediction
592,1.0,1024,0,1000,298,linpack
593,1.0,1024,0,1000,299,float_operation
594,1.0,1024,0,1000,299,float_operation
595,1.0,1024,0,1000,299,rnn_name_generation
596,1.0,1024,0,1000,300,chameleon_rendering
597,1.0,1024,0,1000,300,pyaes_generation
598,1.0,1024,0,1000,304,lr_prediction
599,1.0,1024,0,1000,305,chameleon_rendering
600,1.0,1024,0,1000,305,chameleon_rendering
601,1.0,1024,0,1000,305,matmul
602,1.0,1024,0,1000,305,chameleon_rendering
603,1.0,1024,0,1000,305,lr_prediction
604,1.0,1024,0,1000,308,lr_prediction
605,1.0,1024,0,1000,309,linpack
606,1.0,1024,0,1000,310,matmul
607,1.0,1024,0,1000,311,linpack
608,1.0,1024,0,1000,311,chameleon_rendering
609,1.0,1024,0,1000,311,lr_train
610,1.0,1024,0,1000,312,rnn_name_generation
611,1.0,1024,0,1000,312,pyaes_generation
612,1.0,1024,0,1000,312,float_operation
613,1.0,1024,0,1000,312,float_operation
614,1.0,1024,0,1000,313,lr_train
615,1.0,1024,0,1000,315,matmul
616,1.0,1024,0,1000,315,lr_train
617,1.0,1024,0,1000,317,chameleon_rendering
618,1.0,1024,0,1000,318,rnn_name_generation
619,1.0,1024,0,1000,321,lr_prediction
620,1.0,1024,0,1000,323,lr_prediction
621,1.0,1024,0,1000,323,pyaes_generation
622,1.0,1024,0,1000,324,lr_prediction
623,1.0,1024,0,1000,325,rnn_name_generation
624,1.0,1024,0,1000,325,lr_prediction
625,1.0,1024,0,1000,326,chameleon_rendering
626,1.0,1024,0,1000,326,float_operation
627,1.0,1024,0,1000,326,pyaes_generation
628,1.0,1024,0,1000,326,linpack
629,1.0,1024,0,1000,326,matmul
630,1.0,1024,0,1000,326,float_operation
631,1.0,1024,0,1000,326,chameleon_rendering
632,1.0,1024,0,1000,327,float_operation
633,1.0,1024,0,1000,328,float_operation
634,1.0,1024,0,1000,328,chameleon_rendering
635,1.0,1024,0,1000,328,pyaes_generation
636,1.0,1024,0,1000,329,lr_train
637,1.0,1024,0,1000,331,pyaes_generation
638,1.0,1024,0,1000,331,linpack
639,1.0,1024,0,1000,331,rnn_name_generation
640,1.0,1024,0,1000,331,rnn_name_generation
641,1.0,1024,0,1000,336,lr_prediction
642,1.0,1024,0,1000,336,rnn_name_generation
643,1.0,1024,0,1000,336,pyaes_generation
644,1.0,1024,0,1000,337,linpack
645,1.0,1024,0,1000,338,rnn_name_generation
646,1.0,1024,0,1000,339,lr_train
647,1.0,1024,0,1000,339,rnn_name_generation
648,1.0,1024,0,1000,339,lr_prediction
649,1.0,1024,0,1000,339,float_operation
650,1.0,1024,0,1000,339,linpack
651,1.0,1024,0,1000,341,lr_train
652,1.0,1024,0,1000,343,lr_train
653,1.0,1024,0,1000,343,float_operation
654,1.0,1024,0,1000,343,matmul
655,1.0,1024,0,1000,343,rnn_name_generation
656,1.0,1024,0,1000,343,lr_train
657,1.0,1024,0,1000,344,pyaes_generation
658,1.0,1024,0,1000,344,pyaes_generation
659,1.0,1024,0,1000,344,matmul
660,1.0,1024,0,1000,344,rnn_name_generation
661,1.0,1024,0,1000,344,rnn_name_generation
662,1.0,1024,0,1000,344,rnn_name_generation
663,1.0,1024,0,1000,344,pyaes_generation
664,1.0,1024,0,1000,346,linpack
665,1.0,1024,0,1000,347,float_operation
666,1.0,1024,0,1000,347,pyaes_generation
667,1.0,1024,0,1000,347,matmul
668,1.0,1024,0,1000,351,float_operation
669,1.0,1024,0,1000,351,linpack
670,1.0,1024,0,1000,351,lr_train
671,1.0,1024,0,1000,351,pyaes_generation
672,1.0,1024,0,1000,351,matmul
673,1.0,1024,0,1000,351,pyaes_generation
674,1.0,1024,0,1000,354,matmul
675,1.0,1024,0,1000,354,matmul
676,1.0,1024,0,1000,355,lr_train
677,1.0,1024,0,1000,355,float_operation
678,1.0,1024,0,1000,357,chameleon_rendering
679,1.0,1024,0,1000,357,chameleon_rendering
680,1.0,1024,0,1000,357,chameleon_rendering
681,1.0,1024,0,1000,357,float_operation
682,1.0,1024,0,1000,358,linpack
683,1.0,1024,0,1000,358,chameleon_rendering
684,1.0,1024,0,1000,358,pyaes_generation
685,1.0,1024,0,1000,358,rnn_name_generation
686,1.0,1024,0,1000,358,rnn_name_generation
687,1.0,1024,0,1000,358,chameleon_rendering
688,1.0,1024,0,1000,358,lr_train
689,1.0,1024,0,1000,359,float_operation
690,1.0,1024,0,1000,359,chameleon_rendering
691,1.0,1024,0,1000,359,float_operation
692,1.0,1024,0,1000,359,lr_prediction
693,1.0,1024,0,1000,359,linpack
694,1.0,1024,0,1000,359,matmul
695,1.0,1024,0,1000,360,linpack
696,1.0,1024,0,1000,360,lr_prediction
697,1.0,1024,0,1000,362,lr_train
698,1.0,1024,0,1000,362,chameleon_rendering
699,1.0,1024,0,1000,362,pyaes_generation
700,1.0,1024,0,1000,363,lr_prediction
701,1.0,1024,0,1000,365,float_operation
702,1.0,1024,0,1000,367,float_operation
703,1.0,1024,0,1000,367,lr_prediction
704,1.0,1024,0,1000,368,float_operation
705,1.0,1024,0,1000,368,lr_train
706,1.0,1024,0,1000,368,lr_train
707,1.0,1024,0,1000,368,matmul
708,1.0,1024,0,1000,369,lr_prediction
709,1.0,1024,0,1000,370,matmul
710,1.0,1024,0,1000,370,pyaes_generation
711,1.0,1024,0,1000,371,matmul
712,1.0,1024,0,1000,371,float_operation
713,1.0,1024,0,1000,371,lr_prediction
714,1.0,1024,0,1000,371,pyaes_generation
715,1.0,1024,0,1000,371,lr_train
716,1.0,1024,0,1000,371,chameleon_rendering
717,1.0,1024,0,1000,372,lr_prediction
718,1.0,1024,0,1000,374,float_operation
719,1.0,1024,0,1000,379,chameleon_rendering
720,1.0,1024,0,1000,379,matmul
721,1.0,1024,0,1000,380,matmul
722,1.0,1024,0,1000,380,matmul
723,1.0,1024,0,1000,380,matmul
724,1.0,1024,0,1000,380,float_operation
725,1.0,1024,0,1000,381,matmul
726,1.0,1024,0,1000,381,lr_prediction
727,1.0,1024,0,1000,381,lr_train
728,1.0,1024,0,1000,382,matmul
729,1.0,1024,0,1000,382,matmul
730,1.0,1024,0,1000,382,lr_train
731,1.0,1024,0,1000,382,chameleon_rendering
732,1.0,1024,0,1000,382,float_operation
733,1.0,1024,0,1000,383,float_operation
734,1.0,1024,0,1000,384,lr_train
735,1.0,1024,0,1000,385,rnn_name_generation
736,1.0,1024,0,1000,386,rnn_name_generation
737,1.0,1024,0,1000,386,chameleon_rendering
738,1.0,1024,0,1000,387,pyaes_generation
739,1.0,1024,0,1000,387,float_operation
740,1.0,1024,0,1000,387,lr_train
741,1.0,1024,0,1000,387,float_operation
742,1.0,1024,0,1000,387,matmul
743,1.0,1024,0,1000,387,linpack
744,1.0,1024,0,1000,387,lr_train
745,1.0,1024,0,1000,387,lr_train
746,1.0,1024,0,1000,387,pyaes_generation
747,1.0,1024,0,1000,388,linpack
748,1.0,1024,0,1000,389,linpack
749,1.0,1024,0,1000,389,rnn_name_generation
750,1.0,1024,0,1000,389,chameleon_rendering
751,1.0,1024,0,1000,391,lr_prediction
752,1.0,1024,0,1000,392,float_operation
753,1.0,1024,0,1000,393,pyaes_generation
754,1.0,1024,0,1000,395,pyaes_generation
755,1.0,1024,0,1000,395,linpack
756,1.0,1024,0,1000,395,lr_prediction
757,1.0,1024,0,1000,396,pyaes_generation
758,1.0,1024,0,1000,396,matmul
759,1.0,1024,0,1000,396,matmul
760,1.0,1024,0,1000,396,linpack
761,1.0,1024,0,1000,397,pyaes_generation
762,1.0,1024,0,1000,398,lr_train
763,1.0,1024,0,1000,400,float_operation
764,1.0,1024,0,1000,400,pyaes_generation
765,1.0,1024,0,1000,400,lr_prediction
766,1.0,1024,0,1000,400,chameleon_rendering
767,1.0,1024,0,1000,400,linpack
768,1.0,1024,0,1000,400,matmul
769,1.0,1024,0,1000,400,chameleon_rendering
770,1.0,1024,0,1000,400,float_operation
771,1.0,1024,0,1000,400,lr_prediction
772,1.0,1024,0,1000,401,matmul
773,1.0,1024,0,1000,402,lr_prediction
774,1.0,1024,0,1000,403,linpack
775,1.0,1024,0,1000,403,linpack
776,1.0,1024,0,1000,403,lr_train
777,1.0,1024,0,1000,403,float_operation
778,1.0,1024,0,1000,403,pyaes_generation
779,1.0,1024,0,1000,403,pyaes_generation
780,1.0,1024,0,1000,403,float_operation
781,1.0,1024,0,1000,403,float_operation
782,1.0,1024,0,1000,403,lr_train
783,1.0,1024,0,1000,403,rnn_name_generation
784,1.0,1024,0,1000,404,float_operation
785,1.0,1024,0,1000,404,rnn_name_generation
786,1.0,1024,0,1000,405,chameleon_rendering
787,1.0,1024,0,1000,405,linpack
788,1.0,1024,0,1000,405,matmul
789,1.0,1024,0,1000,405,lr_train
790,1.0,1024,0,1000,406,linpack
791,1.0,1024,0,1000,408,float_operation
792,1.0,1024,0,1000,409,lr_prediction
793,1.0,1024,0,1000,409,matmul
794,1.0,1024,0,1000,409,rnn_name_generation
795,1.0,1024,0,1000,409,lr_prediction
796,1.0,1024,0,1000,410,pyaes_generation
797,1.0,1024,0,1000,411,rnn_name_generation
798,1.0,1024,0,1000,411,chameleon_rendering
799,1.0,1024,0,1000,411,linpack
800,1.0,1024,0,1000,411,lr_train
801,1.0,1024,0,1000,411,pyaes_generation
802,1.0,1024,0,1000,411,lr_prediction
803,1.0,1024,0,1000,411,rnn_name_generation
804,1.0,1024,0,1000,413,float_operation
805,1.0,1024,0,1000,413,float_operation
806,1.0,1024,0,1000,415,lr_train
807,1.0,1024,0,1000,416,matmul
808,1.0,1024,0,1000,417,pyaes_generation
809,1.0,1024,0,1000,417,float_operation
810,1.0,1024,0,1000,419,rnn_name_generation
811,1.0,1024,0,1000,419,rnn_name_generation
812,1.0,1024,0,1000,420,rnn_name_generation
813,1.0,1024,0,1000,420,chameleon_rendering
814,1.0,1024,0,1000,420,chameleon_rendering
815,1.0,1024,0,1000,421,pyaes_generation
816,1.0,1024,0,1000,422,chameleon_rendering
817,1.0,1024,0,1000,424,lr_train
818,1.0,1024,0,1000,424,pyaes_generation
819,1.0,1024,0,1000,424,rnn_name_generation
820,1.0,1024,0,1000,424,linpack
821,1.0,1024,0,1000,424,lr_train
822,1.0,1024,0,1000,426,lr_train
823,1.0,1024,0,1000,429,lr_train
824,1.0,1024,0,1000,430,lr_train
825,1.0,1024,0,1000,430,matmul
826,1.0,1024,0,1000,430,chameleon_rendering
827,1.0,1024,0,1000,430,pyaes_generation
828,1.0,1024,0,1000,430,lr_train
829,1.0,1024,0,1000,430,chameleon_rendering
830,1.0,1024,0,1000,431,pyaes_generation
831,1.0,1024,0,1000,432,rnn_name_generation
832,1.0,1024,0,1000,432,float_operation
833,1.0,1024,0,1000,433,rnn_name_generation
834,1.0,1024,0,1000,433,float_operation
835,1.0,1024,0,1000,433,rnn_name_generation
836,1.0,1024,0,1000,435,lr_train
837,1.0,1024,0,1000,435,float_operation
838,1.0,1024,0,1000,435,rnn_name_generation
839,1.0,1024,0,1000,435,rnn_name_generation
840,1.0,1024,0,1000,435,pyaes_generation
841,1.0,1024,0,1000,436,lr_train
842,1.0,1024,0,1000,436,lr_prediction
843,1.0,1024,0,1000,437,matmul
844,1.0,1024,0,1000,438,lr_train
845,1.0,1024,0,1000,438,float_operation
846,1.0,1024,0,1000,438,matmul
847,1.0,1024,0,1000,438,float_operation
848,1.0,1024,0,1000,438,chameleon_rendering
849,1.0,1024,0,1000,441,pyaes_generation
850,1.0,1024,0,1000,441,chameleon_rendering
851,1.0,1024,0,1000,441,pyaes_generation
852,1.0,1024,0,1000,442,rnn_name_generation
853,1.0,1024,0,1000,443,rnn_name_generation
854,1.0,1024,0,1000,445,lr_train
855,1.0,1024,0,1000,445,chameleon_rendering
856,1.0,1024,0,1000,445,chameleon_rendering
857,1.0,1024,0,1000,445,matmul
858,1.0,1024,0,1000,446,rnn_name_generation
859,1.0,1024,0,1000,446,pyaes_generation
860,1.0,1024,0,1000,446,pyaes_generation
861,1.0,1024,0,1000,447,lr_train
862,1.0,1024,0,1000,450,lr_train
863,1.0,1024,0,1000,451,lr_train
864,1.0,1024,0,1000,451,float_operation
865,1.0,1024,0,1000,452,pyaes_generation
866,1.0,1024,0,1000,452,matmul
867,1.0,1024,0,1000,453,chameleon_rendering
868,1.0,1024,0,1000,453,matmul
869,1.0,1024,0,1000,453,rnn_name_generation
870,1.0,1024,0,1000,453,linpack
871,1.0,1024,0,1000,456,float_operation
872,1.0,1024,0,1000,456,float_operation
873,1.0,1024,0,1000,457,linpack
874,1.0,1024,0,1000,457,lr_prediction
875,1.0,1024,0,1000,457,lr_train
876,1.0,1024,0,1000,457,chameleon_rendering
877,1.0,1024,0,1000,457,pyaes_generation
878,1.0,1024,0,1000,457,lr_prediction
879,1.0,1024,0,1000,458,chameleon_rendering
880,1.0,1024,0,1000,458,pyaes_generation
881,1.0,1024,0,1000,458,pyaes_generation
882,1.0,1024,0,1000,458,pyaes_generation
883,1.0,1024,0,1000,458,chameleon_rendering
884,1.0,1024,0,1000,458,lr_train
885,1.0,1024,0,1000,459,matmul
886,1.0,1024,0,1000,459,lr_train
887,1.0,1024,0,1000,459,matmul
888,1.0,1024,0,1000,459,chameleon_rendering
889,1.0,1024,0,1000,461,lr_train
890,1.0,1024,0,1000,461,lr_train
891,1.0,1024,0,1000,461,lr_train
892,1.0,1024,0,1000,462,linpack
893,1.0,1024,0,1000,462,matmul
894,1.0,1024,0,1000,462,matmul
895,1.0,1024,0,1000,462,linpack
896,1.0,1024,0,1000,463,linpack
897,1.0,1024,0,1000,464,lr_train
898,1.0,1024,0,1000,468,lr_train
899,1.0,1024,0,1000,468,lr_prediction
900,1.0,1024,0,1000,470,linpack
901,1.0,1024,0,1000,470,rnn_name_generation
902,1.0,1024,0,1000,470,matmul
903,1.0,1024,0,1000,471,lr_train
904,1.0,1024,0,1000,473,float_operation
905,1.0,1024,0,1000,475,lr_prediction
906,1.0,1024,0,1000,475,matmul
907,1.0,1024,0,1000,477,lr_prediction
908,1.0,1024,0,1000,477,chameleon_rendering
909,1.0,1024,0,1000,477,lr_prediction
910,1.0,1024,0,1000,478,lr_prediction
911,1.0,1024,0,1000,479,lr_train
912,1.0,1024,0,1000,480,float_operation
913,1.0,1024,0,1000,480,float_operation
914,1.0,1024,0,1000,481,chameleon_rendering
915,1.0,1024,0,1000,481,lr_prediction
916,1.0,1024,0,1000,481,linpack
917,1.0,1024,0,1000,483,lr_train
918,1.0,1024,0,1000,483,linpack
919,1.0,1024,0,1000,483,lr_prediction
920,1.0,1024,0,1000,484,linpack
921,1.0,1024,0,1000,487,chameleon_rendering
922,1.0,1024,0,1000,488,matmul
923,1.0,1024,0,1000,488,pyaes_generation
924,1.0,1024,0,1000,488,lr_train
925,1.0,1024,0,1000,489,float_operation
926,1.0,1024,0,1000,491,float_operation
927,1.0,1024,0,1000,493,chameleon_rendering
928,1.0,1024,0,1000,493,lr_train
929,1.0,1024,0,1000,493,lr_prediction
930,1.0,1024,0,1000,493,chameleon_rendering
931,1.0,1024,0,1000,493,pyaes_generation
932,1.0,1024,0,1000,494,pyaes_generation
933,1.0,1024,0,1000,494,matmul
934,1.0,1024,0,1000,494,pyaes_generation
935,1.0,1024,0,1000,496,lr_train
936,1.0,1024,0,1000,496,lr_prediction
937,1.0,1024,0,1000,496,linpack
938,1.0,1024,0,1000,496,lr_train
939,1.0,1024,0,1000,496,matmul
940,1.0,1024,0,1000,497,float_operation
941,1.0,1024,0,1000,498,lr_train
942,1.0,1024,0,1000,499,float_operation
943,1.0,1024,0,1000,499,matmul
944,1.0,1024,0,1000,499,linpack
945,1.0,1024,0,1000,499,chameleon_rendering
946,1.0,1024,0,1000,499,chameleon_rendering
947,1.0,1024,0,1000,499,pyaes_generation
948,1.0,1024,0,1000,500,pyaes_generation
949,1.0,1024,0,1000,500,float_operation
950,1.0,1024,0,1000,500,lr_prediction
951,1.0,1024,0,1000,500,linpack
952,1.0,1024,0,1000,500,chameleon_rendering
953,1.0,1024,0,1000,503,chameleon_rendering
954,1.0,1024,0,1000,503,rnn_name_generation
955,1.0,1024,0,1000,503,matmul
956,1.0,1024,0,1000,506,chameleon_rendering
957,1.0,1024,0,1000,506,float_operation
958,1.0,1024,0,1000,506,lr_train
959,1.0,1024,0,1000,508,float_operation
960,1.0,1024,0,1000,509,lr_prediction
961,1.0,1024,0,1000,509,chameleon_rendering
962,1.0,1024,0,1000,511,rnn_name_generation
963,1.0,1024,0,1000,511,float_operation
964,1.0,1024,0,1000,511,lr_prediction
965,1.0,1024,0,1000,511,lr_prediction
966,1.0,1024,0,1000,512,rnn_name_generation
967,1.0,1024,0,1000,512,linpack
968,1.0,1024,0,1000,512,float_operation
969,1.0,1024,0,1000,513,float_operation
970,1.0,1024,0,1000,515,rnn_name_generation
971,1.0,1024,0,1000,515,pyaes_generation
972,1.0,1024,0,1000,516,pyaes_generation
973,1.0,1024,0,1000,517,chameleon_rendering
974,1.0,1024,0,1000,517,rnn_name_generation
975,1.0,1024,0,1000,519,pyaes_generation
976,1.0,1024,0,1000,519,rnn_name_generation
977,1.0,1024,0,1000,519,matmul
978,1.0,1024,0,1000,519,float_operation
979,1.0,1024,0,1000,522,chameleon_rendering
980,1.0,1024,0,1000,522,rnn_name_generation
981,1.0,1024,0,1000,522,lr_train
982,1.0,1024,0,1000,522,linpack
983,1.0,1024,0,1000,522,lr_train
984,1.0,1024,0,1000,522,rnn_name_generation
985,1.0,1024,0,1000,522,lr_prediction
986,1.0,1024,0,1000,522,float_operation
987,1.0,1024,0,1000,523,chameleon_rendering
988,1.0,1024,0,1000,524,float_operation
989,1.0,1024,0,1000,524,lr_prediction
990,1.0,1024,0,1000,524,lr_prediction
991,1.0,1024,0,1000,524,lr_prediction
992,1.0,1024,0,1000,525,chameleon_rendering
993,1.0,1024,0,1000,526,linpack
994,1.0,1024,0,1000,529,linpack
995,1.0,1024,0,1000,529,rnn_name_generation
996,1.0,1024,0,1000,529,matmul
997,1.0,1024,0,1000,530,lr_prediction
998,1.0,1024,0,1000,531,rnn_name_generation
999,1.0,1024,0,1000,532,matmul
